event,event_name,position,athelete,country,mark
4x100 Metres Relay women,7th IAAF World Championships in Athletics,1,Bahamas,BAH,41.92   WL
4x100 Metres Relay women,7th IAAF World Championships in Athletics,2,France,FRA,42.06   NR
4x100 Metres Relay women,7th IAAF World Championships in Athletics,3,Jamaica,JAM,42.15   SB
4x100 Metres Relay women,7th IAAF World Championships in Athletics,4,United States,USA,42.30
4x100 Metres Relay women,7th IAAF World Championships in Athletics,5,Germany,GER,42.63   SB
4x100 Metres Relay women,7th IAAF World Championships in Athletics,6,Canada,CAN,43.39
4x100 Metres Relay women,7th IAAF World Championships in Athletics,7,Poland,POL,43.51
4x100 Metres Relay women,7th IAAF World Championships in Athletics,8,Great Britain & N.I.,GBR,43.52
