event,event_name,position,athelete,country,mark
4x400 Metres Relay women,7th IAAF World Championships in Athletics,1,Russia,RUS,3:21.98   WL
4x400 Metres Relay women,7th IAAF World Championships in Athletics,2,United States,USA,3:22.09   SB
4x400 Metres Relay women,7th IAAF World Championships in Athletics,3,Germany,GER,3:22.43   SB
4x400 Metres Relay women,7th IAAF World Championships in Athletics,4,Czech Republic,CZE,3:23.82   SB
4x400 Metres Relay women,7th IAAF World Championships in Athletics,5,Jamaica,JAM,3:24.83   SB
4x400 Metres Relay women,7th IAAF World Championships in Athletics,6,Australia,AUS,3:28.04
4x400 Metres Relay women,7th IAAF World Championships in Athletics,7,Cuba,CUB,3:29.19
4x400 Metres Relay women,7th IAAF World Championships in Athletics,8,Italy,ITA,3:29.56
