event,event_name,position,athelete,country,mark
4x400 Metres Relay women,10th IAAF World Championships in Athletics,1,Russia,RUS,3:20.95
4x400 Metres Relay women,10th IAAF World Championships in Athletics,2,Jamaica,JAM,3:23.29  SB
4x400 Metres Relay women,10th IAAF World Championships in Athletics,3,Great Britain & N.I.,GBR,3:24.44  SB
4x400 Metres Relay women,10th IAAF World Championships in Athletics,4,Poland,POL,3:24.49  NR
4x400 Metres Relay women,10th IAAF World Championships in Athletics,5,Ukraine,UKR,3:28.00
4x400 Metres Relay women,10th IAAF World Championships in Athletics,6,Germany,GER,3:28.39
