event,event_name,position,athelete,country,mark
4x100 Metres Relay women,9th IAAF World Championships in Athletics,1,France,FRA,41.78  WL
4x100 Metres Relay women,9th IAAF World Championships in Athletics,2,United States,USA,41.83
4x100 Metres Relay women,9th IAAF World Championships in Athletics,3,Russia,RUS,42.66
4x100 Metres Relay women,9th IAAF World Championships in Athletics,4,Ukraine,UKR,43.07
4x100 Metres Relay women,9th IAAF World Championships in Athletics,5,Germany,GER,43.27
4x100 Metres Relay women,9th IAAF World Championships in Athletics,6,Belgium,BEL,43.45
4x100 Metres Relay women,9th IAAF World Championships in Athletics,7,Belarus,BLR,43.47
