event,event_name,position,athelete,country,mark
4x400 Metres Relay women,9th IAAF World Championships in Athletics,1,United States,USA,3:22.63  WL
4x400 Metres Relay women,9th IAAF World Championships in Athletics,2,Russia,RUS,3:22.91  SB
4x400 Metres Relay women,9th IAAF World Championships in Athletics,3,Jamaica,JAM,3:22.92  SB
4x400 Metres Relay women,9th IAAF World Championships in Athletics,4,Germany,GER,3:26.25  SB
4x400 Metres Relay women,9th IAAF World Championships in Athletics,5,Poland,POL,3:26.64  SB
4x400 Metres Relay women,9th IAAF World Championships in Athletics,6,Great Britain & N.I.,GBR,3:26.67
4x400 Metres Relay women,9th IAAF World Championships in Athletics,7,Cameroon,CMR,3:27.08  NR
