event,event_name,position,athelete,country,mark
4x100 Metres Relay women,4th IAAF World Championships in Athletics,1,Russia,RUS,41.49  CR
4x100 Metres Relay women,4th IAAF World Championships in Athletics,2,United States,USA,41.49  CR
4x100 Metres Relay women,4th IAAF World Championships in Athletics,3,Jamaica,JAM,41.94
4x100 Metres Relay women,4th IAAF World Championships in Athletics,4,France,FRA,42.67
4x100 Metres Relay women,4th IAAF World Championships in Athletics,5,Germany,GER,42.79
4x100 Metres Relay women,4th IAAF World Championships in Athletics,6,Cuba,CUB,42.89
4x100 Metres Relay women,4th IAAF World Championships in Athletics,7,Finland,FIN,43.37
4x100 Metres Relay women,4th IAAF World Championships in Athletics,8,Great Britain & N.I.,GBR,43.86
