event,event_name,position,athelete,country,mark
4x400 Metres Relay women,4th IAAF World Championships in Athletics,1,United States,USA,3:16.71  CR
4x400 Metres Relay women,4th IAAF World Championships in Athletics,2,Russia,RUS,3:18.38
4x400 Metres Relay women,4th IAAF World Championships in Athletics,3,Great Britain & N.I.,GBR,3:23.41
4x400 Metres Relay women,4th IAAF World Championships in Athletics,4,Jamaica,JAM,3:23.83
4x400 Metres Relay women,4th IAAF World Championships in Athletics,5,Germany,GER,3:25.49
4x400 Metres Relay women,4th IAAF World Championships in Athletics,6,France,FRA,3:27.08
4x400 Metres Relay women,4th IAAF World Championships in Athletics,7,Czech Republic,CZE,3:27.94
4x400 Metres Relay women,4th IAAF World Championships in Athletics,8,Switzerland,SUI,3:28.52
