event,event_name,position,athelete,country,mark
4x400 Metres Relay women,8th IAAF World Championships,1,Jamaica,JAM,3:20.65   WL
4x400 Metres Relay women,8th IAAF World Championships,2,Germany,GER,3:21.97   SB
4x400 Metres Relay women,8th IAAF World Championships,3,Russia,RUS,3:24.92
4x400 Metres Relay women,8th IAAF World Championships,4,United States,USA,3:26.88
4x400 Metres Relay women,8th IAAF World Championships,5,Great Britain & N.I.,GBR,3:26.94   SB
4x400 Metres Relay women,8th IAAF World Championships,6,France,FRA,3:27.54
4x400 Metres Relay women,8th IAAF World Championships,7,Poland,POL,3:27.78
4x400 Metres Relay women,8th IAAF World Championships,8,Canada,CAN,3:27.93
