﻿MEETING NAME ;VENUE ;COUNTRY ;DATE;Year
World Athletics Championships, Budapest 2023 ;Budapest ;HUNGARY HUN ;19 AUG 2023 - 27 AUG 2023;2023
World Athletics Championships, Oregon 2022 ;Oregon ;UNITED STATES USA ;15 JUL 2022 - 24 JUL 2022;2022
IAAF World Athletics Championships, DOHA 2019 ;Doha ;QATAR QAT ;27 SEP 2019 - 06 OCT 2019;2021
IAAF World Championships London 2017 ;London (Olympic Stadium) ;GREAT BRITAIN & N.I. GBR ;04 AUG 2017 - 13 AUG 2017;2020
15th IAAF World Championships ;Beijing (National Stadium) ;PR OF CHINA CHN ;22 AUG 2015 - 30 AUG 2015;2019
14th IAAF World Championships ;Moskva (Luzhniki) ;RUSSIA RUS ;10 AUG 2013 - 18 AUG 2013;2018
13th IAAF World Championships in Athletics ;Daegu (DS) ;KOREA KOR ;27 AUG 2011 - 04 SEP 2011;2017
12th IAAF World Championships in Athletics ;Berlin (Olympiastadion) ;GERMANY GER ;15 AUG 2009 - 23 AUG 2009;2016
11th IAAF World Championships in Athletics ;Osaka (Nagai Stadium) ;JAPAN JPN ;25 AUG 2007 - 02 SEP 2007;2015
10th IAAF World Championships in Athletics ;Helsinki (Olympic Stadium) ;FINLAND FIN ;06 AUG 2005 - 14 AUG 2005;2014
9th IAAF World Championships in Athletics ;Paris Saint-Denis (Stade de France) ;FRANCE FRA ;23 AUG 2003 - 31 AUG 2003;2013
8th IAAF World Championships ;Edmonton (Commonwealth Stadium) ;CANADA CAN ;03 AUG 2001 - 12 AUG 2001;2012
7th IAAF World Championships in Athletics ;Sevilla (La Cartuja) ;SPAIN ESP ;21 AUG 1999 - 29 AUG 1999;2011
6th IAAF World Championships In Athletics ;Athína (Olympic Stadium) ;GREECE GRE ;01 AUG 1997 - 10 AUG 1997;2010
5th IAAF World Championships in Athletics ;Göteborg (Ullevi Stadium) ;SWEDEN SWE ;05 AUG 1995 - 13 AUG 1995;2009
4th IAAF World Championships in Athletics ;Stuttgart (Gottlieb-Daimler Stadion) ;GERMANY GER ;13 AUG 1993 - 22 AUG 1993;2008
3rd IAAF World Championships in Athletics ;Tokyo (Olympic Stadium) ;JAPAN JPN ;23 AUG 1991 - 01 SEP 1991;2007
2nd IAAF World Championships in Athletics ;Roma (Stadio Olimpico) ;ITALY ITA ;28 AUG 1987 - 06 SEP 1987;2006
1st IAAF World Championships in Athletics ;Helsinki (Olympic Stadium) ;FINLAND FIN ;07 AUG 1983 - 14 AUG 1983 ;2005